{
  "_fv": 43,
  "_type": "armor",
  "definition": {
    "enableHelmet": true,
    "textureHelmet": "obsidian_head",
    "enableBody": true,
    "textureBody": "obsidian_body",
    "enableLeggings": true,
    "textureLeggings": "obsidian_leggings",
    "enableBoots": true,
    "textureBoots": "obsidian_boots",
    "creativeTab": {
      "value": "CUSTOM:Obsidianmod"
    },
    "armorTextureFile": "obsidian__",
    "helmetName": "Obsidian helmet",
    "bodyName": "Obsidian chestplate",
    "leggingsName": "Obsidian leggings",
    "bootsName": "Obsidian boots",
    "helmetSpecialInfo": [],
    "bodySpecialInfo": [],
    "leggingsSpecialInfo": [],
    "bootsSpecialInfo": [],
    "helmetModelName": "Default",
    "helmetModelPart": "Helmet",
    "helmetModelTexture": "From armor",
    "bodyModelName": "Default",
    "bodyModelPart": "Body",
    "armsModelPartL": "Arms L",
    "armsModelPartR": "Arms R",
    "bodyModelTexture": "From armor",
    "leggingsModelName": "Default",
    "leggingsModelPartL": "Leggings L",
    "leggingsModelPartR": "Leggings R",
    "leggingsModelTexture": "From armor",
    "bootsModelName": "Default",
    "bootsModelPartL": "Boots L",
    "bootsModelPartR": "Boots R",
    "bootsModelTexture": "From armor",
    "helmetItemRenderType": 0,
    "helmetItemCustomModelName": "Normal",
    "bodyItemRenderType": 0,
    "bodyItemCustomModelName": "Normal",
    "leggingsItemRenderType": 0,
    "leggingsItemCustomModelName": "Normal",
    "bootsItemRenderType": 0,
    "bootsItemCustomModelName": "Normal",
    "helmetImmuneToFire": false,
    "bodyImmuneToFire": false,
    "leggingsImmuneToFire": false,
    "bootsImmuneToFire": false,
    "maxDamage": 70,
    "damageValueHelmet": 60,
    "damageValueBody": 72,
    "damageValueLeggings": 55,
    "damageValueBoots": 42,
    "enchantability": 16,
    "toughness": 6.0,
    "knockbackResistance": 0.0,
    "equipSound": {
      "value": "item.armor.equip_diamond"
    },
    "repairItems": [
      {
        "value": "CUSTOM:Obsidianingot"
      }
    ]
  }
}