{
  "_fv": 47,
  "_type": "tool",
  "definition": {
    "toolType": "Spade",
    "renderType": 0,
    "texture": "obsidian__shovel",
    "customModelName": "Normal",
    "name": "Obsidian shovel",
    "specialInfo": [],
    "creativeTab": {
      "value": "CUSTOM:Obsidianmod"
    },
    "harvestLevel": 6,
    "efficiency": 16.0,
    "attackSpeed": 1.0,
    "enchantability": 16,
    "damageVsEntity": 10.0,
    "usageCount": 3678,
    "blocksAffected": [],
    "hasGlow": false,
    "repairItems": [
      {
        "value": "CUSTOM:Obsidianingot"
      }
    ],
    "immuneToFire": false,
    "stayInGridWhenCrafting": false,
    "damageOnCrafting": false
  }
}